<environmentvariabledefinition schemaname="b2w_testmode_enabled">
  <defaultvalue>no</defaultvalue>
  <description default="choose no to enabled active use">
    <label description="choose no to enabled active use" languagecode="1033" />
  </description>
  <displayname default="testmode_enabled">
    <label description="testmode_enabled" languagecode="1033" />
  </displayname>
  <introducedversion>1.0.0.4</introducedversion>
  <iscustomizable>1</iscustomizable>
  <isrequired>0</isrequired>
  <secretstore>0</secretstore>
  <type>100000002</type>
</environmentvariabledefinition>