<environmentvariabledefinition schemaname="b2w_campaign_end_date">
  <defaultvalue>yyyy-mm-dd</defaultvalue>
  <description default="insert campaign ending date here, nudges will only be sent until this date on">
    <label description="insert campaign ending date here, nudges will only be sent until this date on" languagecode="1033" />
  </description>
  <displayname default="campaign_end_date">
    <label description="campaign_end_date" languagecode="1033" />
  </displayname>
  <introducedversion>1.0.0.4</introducedversion>
  <iscustomizable>1</iscustomizable>
  <isrequired>0</isrequired>
  <secretstore>0</secretstore>
  <type>100000000</type>
</environmentvariabledefinition>