<environmentvariabledefinition schemaname="b2w_nudging_enabled">
  <defaultvalue>yes</defaultvalue>
  <description default="enables or disabled proactive nudging">
    <label description="enables or disabled proactive nudging" languagecode="1033" />
  </description>
  <displayname default="nudging_enabled">
    <label description="nudging_enabled" languagecode="1033" />
  </displayname>
  <introducedversion>1.0.0.4</introducedversion>
  <iscustomizable>1</iscustomizable>
  <isrequired>0</isrequired>
  <secretstore>0</secretstore>
  <type>100000002</type>
</environmentvariabledefinition>