<environmentvariabledefinition schemaname="b2w_admin_user">
  <defaultvalue>admin@youradminusersdomain.com</defaultvalue>
  <description default="contains admins mail for testmode">
    <label description="contains admins mail for testmode" languagecode="1033" />
  </description>
  <displayname default="admin_user">
    <label description="admin_user" languagecode="1033" />
  </displayname>
  <introducedversion>1.0.0.4</introducedversion>
  <iscustomizable>1</iscustomizable>
  <isrequired>0</isrequired>
  <secretstore>0</secretstore>
  <type>100000000</type>
</environmentvariabledefinition>