<environmentvariabledefinition schemaname="b2w_nudge_group_id">
  <defaultvalue>00000000-0000-0000-0000-000000000000</defaultvalue>
  <description default="group id from entra where all nudge receipients are in">
    <label description="group id from entra where all nudge receipients are in" languagecode="1033" />
  </description>
  <displayname default="nudge_group_id">
    <label description="nudge_group_id" languagecode="1033" />
  </displayname>
  <introducedversion>2.3</introducedversion>
  <iscustomizable>1</iscustomizable>
  <isrequired>0</isrequired>
  <secretstore>0</secretstore>
  <type>100000000</type>
</environmentvariabledefinition>